{
    "Schools": [
        {
            "Location": "Chennai",
            "SchoolName": "Jawahar Vidyalaya",
            "Symbol": "JV",
            "Description": "Jawahar Vidyalaya Hr. Sec. School",
            "Board": "CBSE",
            "Admission": "Open"
        },
        {
            "Location": "Coimbatore",
            "SchoolName": "Amrita Vidyalayam",
            "Symbol": "AV",
            "Description": "Amrita Vidyalayam, Ramapuram",
            "Board": "CBSE",
            "Admission": "Closed"
        },
        {
            "Location": "Chennai",
            "SchoolName": "Padma Seshadri Bala Bhavan",
            "Symbol": "PSBB",
            "Description": "Padma Seshadri Bala Bhavan, KK Nagar",
            "Board": "CBSE",
            "Admission": "Closed"
        }
    ]
}